AREA_TYPE,AREA_CD,AREA_NAME,ACTUAL_SUBS,TARGET_SUBS,%ACH_SUBS,ACTUAL_GA,TARGET_GA,%ACH_GA,ACTUAL_GA_INSTALL,TARGET_GA_INSTALL,%ACH_GA_INSTALL
P,P,PRESIDENT,3346985.0,,,37801.0,44268.0,85.39125327550376,37801.0,,
G,GX1,Regional Management 1 (BMA-West),580052.0,,,6460.0,6090.0,106.07553366174056,3825.0,,
G,GX2,Regional Management 2 (BMA-East),864582.0,,,7429.0,7688.0,96.63111342351716,7508.0,,
G,GX3,Regional Management 3 (East),297340.0,,,3683.0,5053.0,72.887393627548,4260.0,,
G,GX4,Regional Management 4 (North),368183.0,,,3901.0,4950.0,78.8080808080808,4185.0,,
G,GX5,Regional Management 5 (Northeast 1),264914.0,,,3493.0,4247.0,82.24629149988228,3891.0,,
G,GX6,Regional Management 6 (Northeast 2),350809.0,,,4431.0,5270.0,84.0796963946869,4765.0,,
G,GX7,Regional Management 7 (Central West),338564.0,,,4735.0,5487.0,86.29487880444687,4722.0,,
G,GX8,Regional Management 8 (South),282464.0,,,3667.0,4980.0,73.63453815261045,4586.0,,
H,003,SMP : Bang Bo;Bang Sao Thong;Bang Phli,77632.0,,,670.0,620.0,108.06451612903226,631.0,,
H,004,SMP : Mueang Samut Prakan;Phra Pradaeng;Phra Samut Chedi,104674.0,,,638.0,690.0,92.46376811594203,870.0,,
H,005,NTB : Pak Kret;Bang Bua Thong;Sai Noi,90259.0,,,1120.0,900.0,124.44444444444444,626.0,,
H,006,PTT : Thanyaburi;Nong Suea;Lam Luk Ka,69333.0,,,561.0,900.0,62.33333333333333,479.0,,
H,007,PTT : Mueang Pathum Thani;Lat Lum Kaeo;Sam Khok;Khlong Luang,91680.0,,,846.0,780.0,108.46153846153845,773.0,,
H,026,BKK : Phaya Thai;Din Daeng;Huai Khwang,55430.0,,,565.0,570.0,99.12280701754386,663.0,,
H,029,BKK : Bang Sue;Chatuchak,57656.0,,,566.0,600.0,94.33333333333334,479.0,,
H,031,BKK : Phra Nakhon;Dusit;Bang Rak;Sathon;Pom Prap Sattru Phai;Samphanthawong;Yan Nawa;Bang Kho Laem,71562.0,,,634.0,630.0,100.63492063492063,488.0,,
H,033,BKK : Phra Khanong;Khlong Toei;Bang Na;Suan Luang,89350.0,,,751.0,720.0,104.30555555555556,1004.0,,
H,037,BKK : Vadhana;Pathum Wan;Ratchathewi,65766.0,,,727.0,725.0,100.27586206896552,865.0,,
H,042,BKK : Don Mueang;Sai Mai;Lak Si,64440.0,,,383.0,570.0,67.19298245614034,427.0,,
H,043,BKK : Min Buri;Khan Na Yao;Bueng Kum,56772.0,,,624.0,540.0,115.55555555555554,298.0,,
H,044,BKK : Prawet;Bang Kapi;Saphan Sung,76060.0,,,975.0,690.0,141.30434782608697,537.0,,
H,045,BKK : Bang Khen;Lat Phrao;Wang Thonglang,68796.0,,,491.0,480.0,102.29166666666667,443.0,,
H,046,BKK : Lat Krabang;Nong Chok;Khlong Sam Wa,76444.0,,,405.0,540.0,75.0,803.0,,
H,049,BKK : Thon Buri;Khlong San;Rat Burana;Thung Khru,54042.0,,,285.0,420.0,67.85714285714286,310.0,,
H,050,BKK : Bang Khun Thian;Chom Thong;Bang Bon,56771.0,,,1729.0,1080.0,160.09259259259258,335.0,,
H,080,"BKK : Thawi Watthana, Taling Chan, Phasi Charoen, Bang Khae, Nong Khaem, Bangkok Yai, Bangkok Noi, Bang Phl",122329.0,,,729.0,900.0,81.0,695.0,,
H,14Z,Phra Nakhon Si Ayutthaya,42313.0,,,437.0,540.0,80.92592592592592,674.0,,
H,17X,Ang Thong;Saraburi,33605.0,,,394.0,570.0,69.12280701754386,392.0,,
H,201,NTB : Mueang Nonthaburi,51392.0,,,606.0,510.0,118.82352941176471,349.0,,
H,202,NTB : Bang Kruai;Bang Yai,44246.0,,,584.0,630.0,92.6984126984127,258.0,,
H,20A,Chon Buri 1,55875.0,,,561.0,750.0,74.8,592.0,,
H,20B,Chon Buri 2,103150.0,,,1381.0,1620.0,85.24691358024693,1509.0,,
H,21Z,Rayong,53497.0,,,671.0,1020.0,65.7843137254902,949.0,,
H,23Y,Chanthaburi;Trat,23672.0,,,322.0,480.0,67.08333333333333,305.0,,
H,24X,Chachoengsao;Nakhon Nayok,37704.0,,,439.0,630.0,69.68253968253968,481.0,,
H,26X,Sa Kaeo;Prachin Buri,23442.0,,,308.0,420.0,73.33333333333333,424.0,,
H,30X,Nakhon Ratchasima,101669.0,,,1211.0,1457.0,83.11599176389842,1357.0,,
H,31Z,Buri Ram,49934.0,,,574.0,600.0,95.66666666666667,632.0,,
H,33X,Surin;Si Sa Ket,61871.0,,,766.0,899.0,85.20578420467186,806.0,,
H,34Z,Ubon Ratchathani,51878.0,,,878.0,992.0,88.50806451612904,753.0,,
H,36X,Chaiyaphum;Loei,51608.0,,,560.0,720.0,77.77777777777779,630.0,,
H,37X,Yasothon;Amnat Charoen,24356.0,,,321.0,450.0,71.33333333333334,319.0,,
H,38X,Bueng Kan;Nong Khai,24803.0,,,367.0,420.0,87.38095238095238,370.0,,
H,39X,Udon Thani;Nong Bua Lam Phu,54130.0,,,773.0,810.0,95.43209876543209,909.0,,
H,40Z,Khon Kaen,64208.0,,,869.0,1085.0,80.09216589861751,863.0,,
H,44X,Maha Sarakham;Roi Et,61101.0,,,681.0,837.0,81.36200716845879,898.0,,
H,46X,Kalasin;Mukdahan,32519.0,,,392.0,510.0,76.86274509803923,506.0,,
H,48X,Sakon Nakhon;Nakhon Phanom,37646.0,,,532.0,570.0,93.33333333333333,613.0,,
H,50A,Chiang Mai 1,44413.0,,,617.0,810.0,76.17283950617283,428.0,,
H,50X,Chiang Mai 2;Mae Hong Son,43856.0,,,287.0,540.0,53.148148148148145,438.0,,
H,52X,Lampang;Lamphun,43038.0,,,535.0,480.0,111.45833333333333,479.0,,
H,55X,Nan;Phrae,26612.0,,,290.0,300.0,96.66666666666667,303.0,,
H,57X,Chiang Rai;Phayao,57660.0,,,585.0,630.0,92.85714285714286,623.0,,
H,60X,Nakhon Sawan;Uthai Thani,37540.0,,,709.0,750.0,94.53333333333333,629.0,,
H,61X,Chai Nat;Sing Buri;Lop Buri,33860.0,,,407.0,510.0,79.80392156862746,434.0,,
H,62X,Kamphaeng Phet;Sukhothai,40189.0,,,406.0,570.0,71.2280701754386,494.0,,
H,63Z,Tak,16779.0,,,243.0,240.0,101.25,304.0,,
H,65X,Phitsanulok;Uttaradit,55549.0,,,612.0,840.0,72.85714285714285,737.0,,
H,67X,Phetchabun;Phichit,40087.0,,,326.0,480.0,67.91666666666667,379.0,,
H,70X,Ratchaburi;Samut Songkhram,35021.0,,,736.0,682.0,107.91788856304984,454.0,,
H,71X,Kanchanaburi;Suphan Buri,30892.0,,,432.0,540.0,80.0,386.0,,
H,73Z,Nakhon Pathom,47504.0,,,529.0,570.0,92.80701754385964,637.0,,
H,74Z,Samut Sakhon,37178.0,,,505.0,480.0,105.20833333333333,442.0,,
H,76X,Prachuap Khiri Khan;Phetchaburi,40651.0,,,586.0,720.0,81.38888888888889,674.0,,
H,80Z,Nakhon Si Thammarat,37609.0,,,538.0,810.0,66.41975308641975,693.0,,
H,81X,Krabi;Phangnga,21009.0,,,199.0,360.0,55.27777777777778,286.0,,
H,83Z,Phuket,43966.0,,,567.0,638.0,88.87147335423198,640.0,,
H,84Z,Surat Thani,41364.0,,,597.0,840.0,71.07142857142857,688.0,,
H,86X,Ranong;Chumphon,18465.0,,,202.0,360.0,56.111111111111114,243.0,,
H,90Z,Songkhla,56849.0,,,700.0,810.0,86.41975308641975,918.0,,
H,93X,Trang;Satun;Phatthalung,33263.0,,,374.0,570.0,65.6140350877193,493.0,,
H,96X,Pattani;Yala;Narathiwat,29939.0,,,490.0,580.0,84.48275862068965,625.0,,
CCAA,1001,BANGKOK_PHRA NAKHON,,,,3.0,,,23.0,,
CCAA,1002,BANGKOK_DUSIT,,,,15.0,,,54.0,,
CCAA,1003,BANGKOK_NONG CHOK,,,,35.0,,,136.0,,
CCAA,1004,BANGKOK_BANG RAK,,,,285.0,,,124.0,,
CCAA,1005,BANGKOK_BANG KHEN,,,,164.0,,,218.0,,
CCAA,1006,BANGKOK_BANG KAPI,,,,309.0,,,275.0,,
CCAA,1007,BANGKOK_PATHUM WAN,,,,226.0,,,110.0,,
CCAA,1008,BANGKOK_POM PRAP SATTRU PHAI,,,,,,,13.0,,
CCAA,1009,BANGKOK_PHRA KHANONG,,,,407.0,,,169.0,,
CCAA,1010,BANGKOK_MIN BURI,,,,66.0,,,118.0,,
CCAA,1011,BANGKOK_LAT KRABANG,,,,341.0,,,179.0,,
CCAA,1012,BANGKOK_YAN NAWA,,,,323.0,,,85.0,,
CCAA,1013,BANGKOK_SAMPHANTHAWONG,,,,,,,14.0,,
CCAA,1014,BANGKOK_PHAYA THAI,,,,8.0,,,105.0,,
CCAA,1015,BANGKOK_THON BURI,,,,146.0,,,66.0,,
CCAA,1016,BANGKOK_BANGKOK YAI,,,,180.0,,,48.0,,
CCAA,1017,BANGKOK_HUAI KHWANG,,,,320.0,,,407.0,,
CCAA,1018,BANGKOK_KHLONG SAN,,,,15.0,,,72.0,,
CCAA,1019,BANGKOK_TALING CHAN,,,,94.0,,,62.0,,
CCAA,1020,BANGKOK_BANGKOK NOI,,,,119.0,,,70.0,,
CCAA,1021,BANGKOK_BANG KHUN THIAN,,,,1034.0,,,183.0,,
CCAA,1022,BANGKOK_PHASI CHAROEN,,,,61.0,,,106.0,,
CCAA,1023,BANGKOK_NONG KHAEM,,,,126.0,,,123.0,,
CCAA,1024,BANGKOK_RAT BURANA,,,,38.0,,,62.0,,
CCAA,1025,BANGKOK_BANG PHLAT,,,,55.0,,,110.0,,
CCAA,1026,BANGKOK_DIN DAENG,,,,237.0,,,151.0,,
CCAA,1027,BANGKOK_BUENG KUM,,,,158.0,,,84.0,,
CCAA,1028,BANGKOK_SATHON,,,,3.0,,,126.0,,
CCAA,1029,BANGKOK_BANG SUE,,,,88.0,,,181.0,,
CCAA,1030,BANGKOK_CHATUCHAK,,,,478.0,,,298.0,,
CCAA,1031,BANGKOK_BANG KHO LAEM,,,,5.0,,,49.0,,
CCAA,1032,BANGKOK_PRAWET,,,,643.0,,,188.0,,
CCAA,1033,BANGKOK_KHLONG TOEI,,,,207.0,,,434.0,,
CCAA,1034,BANGKOK_SUAN LUANG,,,,8.0,,,205.0,,
CCAA,1035,BANGKOK_CHOM THONG,,,,424.0,,,78.0,,
CCAA,1036,BANGKOK_DON MUEANG,,,,212.0,,,149.0,,
CCAA,1037,BANGKOK_RATCHATHEWI,,,,3.0,,,196.0,,
CCAA,1038,BANGKOK_LAT PHRAO,,,,183.0,,,96.0,,
CCAA,1039,BANGKOK_VADHANA,,,,498.0,,,559.0,,
CCAA,1040,BANGKOK_BANG KHAE,,,,94.0,,,125.0,,
CCAA,1041,BANGKOK_LAK SI,,,,39.0,,,106.0,,
CCAA,1042,BANGKOK_SAI MAI,,,,132.0,,,172.0,,
CCAA,1043,BANGKOK_KHAN NA YAO,,,,400.0,,,96.0,,
CCAA,1044,BANGKOK_SAPHAN SUNG,,,,23.0,,,74.0,,
CCAA,1045,BANGKOK_WANG THONGLANG,,,,144.0,,,129.0,,
CCAA,1046,BANGKOK_KHLONG SAM WA,,,,29.0,,,488.0,,
CCAA,1047,BANGKOK_BANG NA,,,,129.0,,,196.0,,
CCAA,1048,BANGKOK_THAWI WATTHANA,,,,,,,51.0,,
CCAA,1049,BANGKOK_THUNG KHRU,,,,86.0,,,110.0,,
CCAA,1050,BANGKOK_BANG BON,,,,271.0,,,74.0,,
CCAA,1101,SAMUT PRAKAN_MUEANG SAMUT PRAKAN,,,,379.0,,,526.0,,
CCAA,1102,SAMUT PRAKAN_BANG BO,,,,16.0,,,123.0,,
CCAA,1103,SAMUT PRAKAN_BANG PHLI,,,,465.0,,,365.0,,
CCAA,1104,SAMUT PRAKAN_PHRA PRADAENG,,,,34.0,,,108.0,,
CCAA,1105,SAMUT PRAKAN_PHRA SAMUT CHEDI,,,,225.0,,,236.0,,
CCAA,1106,SAMUT PRAKAN_BANG SAO THONG,,,,189.0,,,143.0,,
CCAA,1201,NONTHABURI_MUEANG NONTHABURI,,,,606.0,,,349.0,,
CCAA,1202,NONTHABURI_BANG KRUAI,,,,113.0,,,126.0,,
CCAA,1203,NONTHABURI_BANG YAI,,,,471.0,,,132.0,,
CCAA,1204,NONTHABURI_BANG BUA THONG,,,,821.0,,,265.0,,
CCAA,1205,NONTHABURI_SAI NOI,,,,5.0,,,62.0,,
CCAA,1206,NONTHABURI_PAK KRET,,,,294.0,,,299.0,,
CCAA,1301,PATHUM THANI_MUEANG PATHUM THANI,,,,312.0,,,224.0,,
CCAA,1302,PATHUM THANI_KHLONG LUANG,,,,156.0,,,428.0,,
CCAA,1303,PATHUM THANI_THANYABURI,,,,362.0,,,199.0,,
CCAA,1304,PATHUM THANI_NONG SUEA,,,,48.0,,,25.0,,
CCAA,1305,PATHUM THANI_LAT LUM KAEO,,,,66.0,,,81.0,,
CCAA,1306,PATHUM THANI_LAM LUK KA,,,,151.0,,,255.0,,
CCAA,1307,PATHUM THANI_SAM KHOK,,,,312.0,,,40.0,,
CCAA,1401,PHRA NAKHON SI AYUTTHAYA_PHRA NAKHON SI AYUTTHAYA,,,,350.0,,,126.0,,
CCAA,1402,PHRA NAKHON SI AYUTTHAYA_THA RUEA,,,,,,,16.0,,
CCAA,1403,PHRA NAKHON SI AYUTTHAYA_NAKHON LUANG,,,,,,,30.0,,
CCAA,1404,PHRA NAKHON SI AYUTTHAYA_BANG SAI,,,,,,,54.0,,
CCAA,1405,PHRA NAKHON SI AYUTTHAYA_BANG BAN,,,,,,,38.0,,
CCAA,1406,PHRA NAKHON SI AYUTTHAYA_BANG PA-IN,,,,81.0,,,164.0,,
CCAA,1407,PHRA NAKHON SI AYUTTHAYA_BANG PAHAN,,,,1.0,,,22.0,,
CCAA,1408,PHRA NAKHON SI AYUTTHAYA_PHAK HAI,,,,,,,16.0,,
CCAA,1409,PHRA NAKHON SI AYUTTHAYA_PHACHI,,,,,,,17.0,,
CCAA,1410,PHRA NAKHON SI AYUTTHAYA_LAT BUA LUANG,,,,,,,6.0,,
CCAA,1411,PHRA NAKHON SI AYUTTHAYA_WANG NOI,,,,,,,61.0,,
CCAA,1412,PHRA NAKHON SI AYUTTHAYA_SENA,,,,3.0,,,52.0,,
CCAA,1413,PHRA NAKHON SI AYUTTHAYA_BANG SAI,,,,,,,10.0,,
CCAA,1414,PHRA NAKHON SI AYUTTHAYA_UTHAI,,,,2.0,,,48.0,,
CCAA,1415,PHRA NAKHON SI AYUTTHAYA_MAHA RAT,,,,,,,12.0,,
CCAA,1416,PHRA NAKHON SI AYUTTHAYA_BAN PHRAEK,,,,,,,2.0,,
CCAA,1501,ANG THONG_MUEANG ANG THONG,,,,123.0,,,23.0,,
CCAA,1502,ANG THONG_CHAIYO,,,,,,,7.0,,
CCAA,1503,ANG THONG_PA MOK,,,,,,,11.0,,
CCAA,1504,ANG THONG_PHO THONG,,,,,,,13.0,,
CCAA,1505,ANG THONG_SAWAENG HA,,,,3.0,,,9.0,,
CCAA,1506,ANG THONG_WISET CHAI CHAN,,,,,,,19.0,,
CCAA,1507,ANG THONG_SAMKO,,,,1.0,,,1.0,,
CCAA,1601,LOP BURI_MUEANG LOP BURI,,,,244.0,,,152.0,,
CCAA,1602,LOP BURI_PHATTHANA NIKHOM,,,,,,,14.0,,
CCAA,1603,LOP BURI_KHOK SAMRONG,,,,4.0,,,35.0,,
CCAA,1604,LOP BURI_CHAI BADAN,,,,20.0,,,23.0,,
CCAA,1605,LOP BURI_THA WUNG,,,,,,,7.0,,
CCAA,1606,LOP BURI_BAN MI,,,,,,,10.0,,
CCAA,1607,LOP BURI_THA LUANG,,,,,,,1.0,,
CCAA,1608,LOP BURI_SA BOT,,,,,,,4.0,,
CCAA,1609,LOP BURI_KHOK CHAROEN,,,,,,,4.0,,
CCAA,1610,LOP BURI_LAM SONTHI,,,,,,,1.0,,
CCAA,1611,LOP BURI_NONG MUANG,,,,,,,6.0,,
CCAA,1701,SING BURI_MUEANG SING BURI,,,,38.0,,,16.0,,
CCAA,1702,SING BURI_BANG RACHAN,,,,,,,8.0,,
CCAA,1703,SING BURI_KHAI BANG RACHAN,,,,,,,7.0,,
CCAA,1704,SING BURI_PHROM BURI,,,,,,,6.0,,
CCAA,1705,SING BURI_THA CHANG,,,,,,,4.0,,
CCAA,1706,SING BURI_IN BURI,,,,,,,16.0,,
CCAA,1801,CHAI NAT_MUEANG CHAI NAT,,,,60.0,,,40.0,,
CCAA,1802,CHAI NAT_MANOROM,,,,,,,12.0,,
CCAA,1803,CHAI NAT_WAT SING,,,,,,,10.0,,
CCAA,1804,CHAI NAT_SAPPHAYA,,,,41.0,,,15.0,,
CCAA,1805,CHAI NAT_SANKHABURI,,,,,,,23.0,,
CCAA,1806,CHAI NAT_HANKHA,,,,,,,14.0,,
CCAA,1807,CHAI NAT_NONG MAMONG,,,,,,,2.0,,
CCAA,1808,CHAI NAT_NOEN KHAM,,,,,,,4.0,,
CCAA,1901,SARABURI_MUEANG SARABURI,,,,260.0,,,84.0,,
CCAA,1902,SARABURI_KAENG KHOI,,,,2.0,,,58.0,,
CCAA,1903,SARABURI_NONG KHAE,,,,5.0,,,46.0,,
CCAA,1904,SARABURI_WIHAN DAENG,,,,,,,11.0,,
CCAA,1905,SARABURI_NONG SAENG,,,,,,,1.0,,
CCAA,1906,SARABURI_BAN MO,,,,,,,23.0,,
CCAA,1907,SARABURI_DON PHUT,,,,,,,2.0,,
CCAA,1908,SARABURI_NONG DON,,,,,,,6.0,,
CCAA,1909,SARABURI_PHRA PHUTTHABAT,,,,,,,33.0,,
CCAA,1910,SARABURI_SAO HAI,,,,,,,11.0,,
CCAA,1911,SARABURI_MUAK LEK,,,,,,,12.0,,
CCAA,1912,SARABURI_WANG MUANG,,,,,,,6.0,,
CCAA,1913,SARABURI_CHALOEM PHRA KIAT,,,,,,,16.0,,
CCAA,2001,CHON BURI_MUEANG CHON BURI,,,,433.0,,,341.0,,
CCAA,2002,CHON BURI_BAN BUENG,,,,7.0,,,61.0,,
CCAA,2003,CHON BURI_NONG YAI,,,,,,,8.0,,
CCAA,2004,CHON BURI_BANG LAMUNG,,,,720.0,,,963.0,,
CCAA,2005,CHON BURI_PHAN THONG,,,,107.0,,,98.0,,
CCAA,2006,CHON BURI_PHANAT NIKHOM,,,,14.0,,,63.0,,
CCAA,2007,CHON BURI_SI RACHA,,,,645.0,,,388.0,,
CCAA,2008,CHON BURI_KO SI CHANG,,,,,,,,,
CCAA,2009,CHON BURI_SATTAHIP,,,,16.0,,,158.0,,
CCAA,2010,CHON BURI_BO THONG,,,,,,,6.0,,
CCAA,2011,CHON BURI_KO CHAN,,,,,,,15.0,,
CCAA,2101,RAYONG_MUEANG RAYONG,,,,496.0,,,380.0,,
CCAA,2102,RAYONG_BAN CHANG,,,,93.0,,,69.0,,
CCAA,2103,RAYONG_KLAENG,,,,18.0,,,46.0,,
CCAA,2104,RAYONG_WANG CHAN,,,,,,,3.0,,
CCAA,2105,RAYONG_BAN KHAI,,,,,,,59.0,,
CCAA,2106,RAYONG_PLUAK DAENG,,,,11.0,,,274.0,,
CCAA,2107,RAYONG_KHAO CHAMAO,,,,,,,2.0,,
CCAA,2108,RAYONG_NIKHOM PHATTHANA,,,,53.0,,,116.0,,
CCAA,2201,CHANTHABURI_MUEANG CHANTHABURI,,,,231.0,,,80.0,,
CCAA,2202,CHANTHABURI_KHLUNG,,,,,,,11.0,,
CCAA,2203,CHANTHABURI_THA MAI,,,,,,,24.0,,
CCAA,2204,CHANTHABURI_PONG NAM RON,,,,3.0,,,8.0,,
CCAA,2205,CHANTHABURI_MAKHAM,,,,,,,6.0,,
CCAA,2206,CHANTHABURI_LAEM SING,,,,,,,16.0,,
CCAA,2207,CHANTHABURI_SOI DAO,,,,,,,11.0,,
CCAA,2208,CHANTHABURI_KAENG HANG MAEO,,,,,,,1.0,,
CCAA,2209,CHANTHABURI_NA YAI AM,,,,,,,7.0,,
CCAA,2210,CHANTHABURI_KHAO KHITCHAKUT,,,,,,,3.0,,
CCAA,2301,TRAT_MUEANG TRAT,,,,88.0,,,75.0,,
CCAA,2302,TRAT_KHLONG YAI,,,,,,,10.0,,
CCAA,2303,TRAT_KHAO SAMING,,,,,,,12.0,,
CCAA,2304,TRAT_BO RAI,,,,,,,25.0,,
CCAA,2305,TRAT_LAEM NGOP,,,,,,,6.0,,
CCAA,2306,TRAT_KO KUT,,,,,,,,,
CCAA,2307,TRAT_KO CHANG,,,,,,,10.0,,
CCAA,2401,CHACHOENGSAO_MUEANG CHACHOENGSAO,,,,203.0,,,124.0,,
CCAA,2402,CHACHOENGSAO_BANG KHLA,,,,110.0,,,19.0,,
CCAA,2403,CHACHOENGSAO_BANG NAM PRIAO,,,,,,,18.0,,
CCAA,2404,CHACHOENGSAO_BANG PAKONG,,,,84.0,,,72.0,,
CCAA,2405,CHACHOENGSAO_BAN PHO,,,,,,,28.0,,
CCAA,2406,CHACHOENGSAO_PHANOM SARAKHAM,,,,27.0,,,43.0,,
CCAA,2407,CHACHOENGSAO_RATCHASAN,,,,,,,1.0,,
CCAA,2408,CHACHOENGSAO_SANAM CHAI KHET,,,,,,,47.0,,
CCAA,2409,CHACHOENGSAO_PLAENG YAO,,,,,,,61.0,,
CCAA,2410,CHACHOENGSAO_THA TAKIAP,,,,,,,24.0,,
CCAA,2411,CHACHOENGSAO_KHLONG KHUEAN,,,,,,,1.0,,
CCAA,2501,PRACHIN BURI_MUEANG PRACHIN BURI,,,,163.0,,,39.0,,
CCAA,2502,PRACHIN BURI_KABIN BURI,,,,,,,33.0,,
CCAA,2503,PRACHIN BURI_NA DI,,,,,,,11.0,,
CCAA,2506,PRACHIN BURI_BAN SANG,,,,,,,3.0,,
CCAA,2507,PRACHIN BURI_PRACHANTAKHAM,,,,,,,9.0,,
CCAA,2508,PRACHIN BURI_SI MAHA PHOT,,,,28.0,,,106.0,,
CCAA,2509,PRACHIN BURI_SI MAHOSOT,,,,,,,14.0,,
CCAA,2601,NAKHON NAYOK_MUEANG NAKHON NAYOK,,,,15.0,,,27.0,,
CCAA,2602,NAKHON NAYOK_PAK PHLI,,,,,,,2.0,,
CCAA,2603,NAKHON NAYOK_BAN NA,,,,,,,7.0,,
CCAA,2604,NAKHON NAYOK_ONGKHARAK,,,,,,,7.0,,
CCAA,2701,SA KAEO_MUEANG SA KAEO,,,,58.0,,,35.0,,
CCAA,2702,SA KAEO_KHLONG HAT,,,,,,,22.0,,
CCAA,2703,SA KAEO_TA PHRAYA,,,,,,,14.0,,
CCAA,2704,SA KAEO_WANG NAM YEN,,,,,,,14.0,,
CCAA,2705,SA KAEO_WATTHANA NAKHON,,,,,,,23.0,,
CCAA,2706,SA KAEO_ARANYAPRATHET,,,,59.0,,,46.0,,
CCAA,2707,SA KAEO_KHAO CHAKAN,,,,,,,20.0,,
CCAA,2708,SA KAEO_KHOK SUNG,,,,,,,19.0,,
CCAA,2709,SA KAEO_WANG SOMBUN,,,,,,,16.0,,
CCAA,3001,NAKHON RATCHASIMA_MUEANG NAKHON RATCHASIMA,,,,947.0,,,537.0,,
CCAA,3002,NAKHON RATCHASIMA_KHON BURI,,,,12.0,,,20.0,,
CCAA,3003,NAKHON RATCHASIMA_SOENG SANG,,,,10.0,,,31.0,,
CCAA,3004,NAKHON RATCHASIMA_KHONG,,,,,,,30.0,,
CCAA,3005,NAKHON RATCHASIMA_BAN LUEAM,,,,,,,5.0,,
CCAA,3006,NAKHON RATCHASIMA_CHAKKARAT,,,,,,,19.0,,
CCAA,3007,NAKHON RATCHASIMA_CHOK CHAI,,,,8.0,,,37.0,,
CCAA,3008,NAKHON RATCHASIMA_DAN KHUN THOT,,,,11.0,,,36.0,,
CCAA,3009,NAKHON RATCHASIMA_NON THAI,,,,17.0,,,29.0,,
CCAA,3010,NAKHON RATCHASIMA_NON SUNG,,,,4.0,,,42.0,,
CCAA,3011,NAKHON RATCHASIMA_KHAM SAKAESAENG,,,,,,,19.0,,
CCAA,3012,NAKHON RATCHASIMA_BUA YAI,,,,39.0,,,22.0,,
CCAA,3013,NAKHON RATCHASIMA_PRATHAI,,,,,,,27.0,,
CCAA,3014,NAKHON RATCHASIMA_PAK THONG CHAI,,,,17.0,,,41.0,,
CCAA,3015,NAKHON RATCHASIMA_PHIMAI,,,,25.0,,,39.0,,
CCAA,3016,NAKHON RATCHASIMA_HUAI THALAENG,,,,6.0,,,9.0,,
CCAA,3017,NAKHON RATCHASIMA_CHUM PHUANG,,,,16.0,,,31.0,,
CCAA,3018,NAKHON RATCHASIMA_SUNG NOEN,,,,,,,47.0,,
CCAA,3019,NAKHON RATCHASIMA_KHAM THALE SO,,,,,,,19.0,,
CCAA,3020,NAKHON RATCHASIMA_SIKHIO,,,,4.0,,,37.0,,
CCAA,3021,NAKHON RATCHASIMA_PAK CHONG,,,,77.0,,,170.0,,
CCAA,3022,NAKHON RATCHASIMA_NONG BUN MAK,,,,18.0,,,19.0,,
CCAA,3023,NAKHON RATCHASIMA_KAENG SANAM NANG,,,,,,,12.0,,
CCAA,3024,NAKHON RATCHASIMA_NON DAENG,,,,,,,5.0,,
CCAA,3025,NAKHON RATCHASIMA_WANG NAM KHIAO,,,,,,,7.0,,
CCAA,3026,NAKHON RATCHASIMA_THEPHARAK,,,,,,,3.0,,
CCAA,3027,NAKHON RATCHASIMA_MUEANG YANG,,,,,,,10.0,,
CCAA,3028,NAKHON RATCHASIMA_PHRA THONG KHAM,,,,,,,9.0,,
CCAA,3029,NAKHON RATCHASIMA_LAM THAMENCHAI,,,,,,,11.0,,
CCAA,3030,NAKHON RATCHASIMA_BUA LAI,,,,,,,6.0,,
CCAA,3031,NAKHON RATCHASIMA_SIDA,,,,,,,6.0,,
CCAA,3032,NAKHON RATCHASIMA_CHALOEM PHRA KIAT,,,,,,,22.0,,
CCAA,3101,BURI RAM_MUEANG BURI RAM,,,,363.0,,,128.0,,
CCAA,3102,BURI RAM_KHU MUEANG,,,,,,,39.0,,
CCAA,3103,BURI RAM_KRASANG,,,,,,,18.0,,
CCAA,3104,BURI RAM_NANG RONG,,,,21.0,,,41.0,,
CCAA,3105,BURI RAM_NONG KI,,,,17.0,,,32.0,,
CCAA,3106,BURI RAM_LAHAN SAI,,,,1.0,,,21.0,,
CCAA,3107,BURI RAM_PRAKHON CHAI,,,,32.0,,,54.0,,
CCAA,3108,BURI RAM_BAN KRUAT,,,,,,,15.0,,
CCAA,3109,BURI RAM_PHUTTHAISONG,,,,,,,11.0,,
CCAA,3110,BURI RAM_LAM PLAI MAT,,,,8.0,,,63.0,,
CCAA,3111,BURI RAM_SATUEK,,,,11.0,,,44.0,,
CCAA,3112,BURI RAM_PAKHAM,,,,,,,15.0,,
CCAA,3113,BURI RAM_NA PHO,,,,,,,7.0,,
CCAA,3114,BURI RAM_NONG HONG,,,,,,,18.0,,
CCAA,3115,BURI RAM_PHLAPPHLA CHAI,,,,,,,10.0,,
CCAA,3116,BURI RAM_HUAI RAT,,,,121.0,,,15.0,,
CCAA,3117,BURI RAM_NON SUWAN,,,,,,,15.0,,
CCAA,3118,BURI RAM_CHAMNI,,,,,,,3.0,,
CCAA,3119,BURI RAM_BAN MAI CHAIYAPHOT,,,,,,,8.0,,
CCAA,3120,BURI RAM_NON DIN DAENG,,,,,,,22.0,,
CCAA,3121,BURI RAM_BAN DAN,,,,,,,21.0,,
CCAA,3122,BURI RAM_KHAEN DONG,,,,,,,19.0,,
CCAA,3123,BURI RAM_CHALOEM PHRA KIAT,,,,,,,13.0,,
CCAA,3201,SURIN_MUEANG SURIN,,,,124.0,,,76.0,,
CCAA,3202,SURIN_CHUMPHON BURI,,,,141.0,,,27.0,,
CCAA,3203,SURIN_THA TUM,,,,34.0,,,21.0,,
CCAA,3204,SURIN_CHOM PHRA,,,,54.0,,,21.0,,
CCAA,3205,SURIN_PRASAT,,,,26.0,,,67.0,,
CCAA,3206,SURIN_KAP CHOENG,,,,,,,51.0,,
CCAA,3207,SURIN_RATTANABURI,,,,,,,28.0,,
CCAA,3208,SURIN_SANOM,,,,,,,7.0,,
CCAA,3209,SURIN_SIKHORAPHUM,,,,11.0,,,32.0,,
CCAA,3210,SURIN_SANGKHA,,,,15.0,,,60.0,,
CCAA,3211,SURIN_LAMDUAN,,,,,,,6.0,,
CCAA,3212,SURIN_SAMRONG THAP,,,,,,,10.0,,
CCAA,3213,SURIN_BUACHET,,,,,,,7.0,,
CCAA,3214,SURIN_PHANOM DONG RAK,,,,,,,12.0,,
CCAA,3215,SURIN_SI NARONG,,,,,,,6.0,,
CCAA,3216,SURIN_KHWAO SIN RIN,,,,,,,5.0,,
CCAA,3217,SURIN_NON NARAI,,,,,,,6.0,,
CCAA,3301,SI SA KET_MUEANG SI SA KET,,,,199.0,,,94.0,,
CCAA,3302,SI SA KET_YANG CHUM NOI,,,,,,,16.0,,
CCAA,3303,SI SA KET_KANTHARAROM,,,,,,,39.0,,
CCAA,3304,SI SA KET_KANTHARALAK,,,,82.0,,,45.0,,
CCAA,3305,SI SA KET_KHUKHAN,,,,78.0,,,28.0,,
CCAA,3306,SI SA KET_PHRAI BUENG,,,,,,,5.0,,
CCAA,3307,SI SA KET_PRANG KU,,,,,,,7.0,,
CCAA,3308,SI SA KET_KHUN HAN,,,,2.0,,,15.0,,
CCAA,3309,SI SA KET_RASI SALAI,,,,,,,11.0,,
CCAA,3310,SI SA KET_UTHUMPHON PHISAI,,,,,,,29.0,,
CCAA,3311,SI SA KET_BUENG BUN,,,,,,,1.0,,
CCAA,3312,SI SA KET_HUAI THAP THAN,,,,,,,4.0,,
CCAA,3313,SI SA KET_NON KHUN,,,,,,,3.0,,
CCAA,3314,SI SA KET_SI RATTANA,,,,,,,7.0,,
CCAA,3315,SI SA KET_NAM KLIANG,,,,,,,9.0,,
CCAA,3316,SI SA KET_WANG HIN,,,,,,,13.0,,
CCAA,3317,SI SA KET_PHU SING,,,,,,,15.0,,
CCAA,3318,SI SA KET_MUEANG CHAN,,,,,,,2.0,,
CCAA,3319,SI SA KET_BENCHALAK,,,,,,,9.0,,
CCAA,3320,SI SA KET_PHAYU,,,,,,,5.0,,
CCAA,3321,SI SA KET_PHO SI SUWAN,,,,,,,6.0,,
CCAA,3322,SI SA KET_SILA LAT,,,,,,,1.0,,
CCAA,3401,UBON RATCHATHANI_MUEANG UBON RATCHATHANI,,,,542.0,,,181.0,,
CCAA,3402,UBON RATCHATHANI_SI MUEANG MAI,,,,,,,15.0,,
CCAA,3403,UBON RATCHATHANI_KHONG CHIAM,,,,,,,3.0,,
CCAA,3404,UBON RATCHATHANI_KHUEANG NAI,,,,5.0,,,38.0,,
CCAA,3405,UBON RATCHATHANI_KHEMARAT,,,,6.0,,,22.0,,
CCAA,3407,UBON RATCHATHANI_DET UDOM,,,,156.0,,,45.0,,
CCAA,3408,UBON RATCHATHANI_NA CHALUAI,,,,,,,14.0,,
CCAA,3409,UBON RATCHATHANI_NAM YUEN,,,,,,,18.0,,
CCAA,3410,UBON RATCHATHANI_BUNTHARIK,,,,14.0,,,29.0,,
CCAA,3411,UBON RATCHATHANI_TRAKAN PHUET PHON,,,,14.0,,,34.0,,
CCAA,3412,UBON RATCHATHANI_KUT KHAOPUN,,,,,,,12.0,,
CCAA,3414,UBON RATCHATHANI_MUANG SAM SIP,,,,3.0,,,33.0,,
CCAA,3415,UBON RATCHATHANI_WARIN CHAMRAP,,,,124.0,,,143.0,,
CCAA,3419,UBON RATCHATHANI_PHIBUN MANGSAHAN,,,,14.0,,,25.0,,
CCAA,3420,UBON RATCHATHANI_TAN SUM,,,,,,,15.0,,
CCAA,3421,UBON RATCHATHANI_PHO SAI,,,,,,,5.0,,
CCAA,3422,UBON RATCHATHANI_SAMRONG,,,,,,,17.0,,
CCAA,3424,UBON RATCHATHANI_DON MOT DAENG,,,,,,,11.0,,
CCAA,3425,UBON RATCHATHANI_SIRINDHORN,,,,,,,16.0,,
CCAA,3426,UBON RATCHATHANI_THUNG SI UDOM,,,,,,,15.0,,
CCAA,3429,UBON RATCHATHANI_NA YIA,,,,,,,16.0,,
CCAA,3430,UBON RATCHATHANI_NA TAN,,,,,,,6.0,,
CCAA,3431,UBON RATCHATHANI_LAO SUEA KOK,,,,,,,12.0,,
CCAA,3432,UBON RATCHATHANI_SAWANG WIRAWONG,,,,,,,9.0,,
CCAA,3433,UBON RATCHATHANI_NAM KHUN,,,,,,,19.0,,
CCAA,3501,YASOTHON_MUEANG YASOTHON,,,,203.0,,,57.0,,
CCAA,3502,YASOTHON_SAI MUN,,,,,,,7.0,,
CCAA,3503,YASOTHON_KUT CHUM,,,,,,,19.0,,
CCAA,3504,YASOTHON_KHAM KHUEAN KAEO,,,,,,,20.0,,
CCAA,3505,YASOTHON_PA TIO,,,,,,,16.0,,
CCAA,3506,YASOTHON_MAHA CHANA CHAI,,,,,,,18.0,,
CCAA,3507,YASOTHON_KHO WANG,,,,,,,3.0,,
CCAA,3508,YASOTHON_LOENG NOK THA,,,,3.0,,,14.0,,
CCAA,3509,YASOTHON_THAI CHAROEN,,,,,,,6.0,,
CCAA,3601,CHAIYAPHUM_MUEANG CHAIYAPHUM,,,,80.0,,,95.0,,
CCAA,3602,CHAIYAPHUM_BAN KHWAO,,,,201.0,,,21.0,,
CCAA,3603,CHAIYAPHUM_KHON SAWAN,,,,,,,22.0,,
CCAA,3604,CHAIYAPHUM_KASET SOMBUN,,,,7.0,,,42.0,,
CCAA,3605,CHAIYAPHUM_NONG BUA DAENG,,,,,,,21.0,,
CCAA,3606,CHAIYAPHUM_CHATTURAT,,,,10.0,,,27.0,,
CCAA,3607,CHAIYAPHUM_BAMNET NARONG,,,,45.0,,,12.0,,
CCAA,3608,CHAIYAPHUM_NONG BUA RAWE,,,,,,,14.0,,
CCAA,3609,CHAIYAPHUM_THEP SATHIT,,,,,,,14.0,,
CCAA,3610,CHAIYAPHUM_PHU KHIAO,,,,9.0,,,54.0,,
CCAA,3611,CHAIYAPHUM_BAN THAEN,,,,,,,15.0,,
CCAA,3612,CHAIYAPHUM_KAENG KHRO,,,,28.0,,,36.0,,
CCAA,3613,CHAIYAPHUM_KHON SAN,,,,,,,18.0,,
CCAA,3614,CHAIYAPHUM_PHAKDI CHUMPHON,,,,,,,6.0,,
CCAA,3615,CHAIYAPHUM_NOEN SA-NGA,,,,,,,9.0,,
CCAA,3616,CHAIYAPHUM_SAP YAI,,,,,,,2.0,,
CCAA,3701,AMNAT CHAROEN_MUEANG AMNAT CHAROEN,,,,102.0,,,68.0,,
CCAA,3702,AMNAT CHAROEN_CHANUMAN,,,,,,,15.0,,
CCAA,3703,AMNAT CHAROEN_PATHUM RATCHAWONGSA,,,,,,,14.0,,
CCAA,3704,AMNAT CHAROEN_PHANA,,,,,,,9.0,,
CCAA,3705,AMNAT CHAROEN_SENANGKHANIKHOM,,,,10.0,,,23.0,,
CCAA,3706,AMNAT CHAROEN_HUA TAPHAN,,,,,,,16.0,,
CCAA,3707,AMNAT CHAROEN_LUE AMNAT,,,,3.0,,,14.0,,
CCAA,3801,BUENG KAN_MUEANG BUENG KAN,,,,101.0,,,27.0,,
CCAA,3802,BUENG KAN_PHON CHAROEN,,,,1.0,,,9.0,,
CCAA,3803,BUENG KAN_SO PHISAI,,,,,,,24.0,,
CCAA,3804,BUENG KAN_SEKA,,,,,,,14.0,,
CCAA,3805,BUENG KAN_PAK KHAT,,,,,,,9.0,,
CCAA,3806,BUENG KAN_BUENG KHONG LONG,,,,2.0,,,10.0,,
CCAA,3807,BUENG KAN_SI WILAI,,,,,,,7.0,,
CCAA,3808,BUENG KAN_BUNG KHLA,,,,,,,1.0,,
CCAA,3901,NONG BUA LAM PHU_MUEANG NONG BUA LAM PHU,,,,121.0,,,45.0,,
CCAA,3902,NONG BUA LAM PHU_NA KLANG,,,,29.0,,,29.0,,
CCAA,3903,NONG BUA LAM PHU_NON SANG,,,,,,,7.0,,
CCAA,3904,NONG BUA LAM PHU_SI BUN RUEANG,,,,,,,21.0,,
CCAA,3905,NONG BUA LAM PHU_SUWANNAKHUHA,,,,,,,21.0,,
CCAA,3906,NONG BUA LAM PHU_NA WANG,,,,,,,10.0,,
CCAA,4001,KHON KAEN_MUEANG KHON KAEN,,,,651.0,,,409.0,,
CCAA,4002,KHON KAEN_BAN FANG,,,,,,,20.0,,
CCAA,4003,KHON KAEN_PHRA YUEN,,,,33.0,,,19.0,,
CCAA,4004,KHON KAEN_NONG RUEA,,,,8.0,,,31.0,,
CCAA,4005,KHON KAEN_CHUM PHAE,,,,21.0,,,56.0,,
CCAA,4006,KHON KAEN_SI CHOMPHU,,,,,,,23.0,,
CCAA,4007,KHON KAEN_NAM PHONG,,,,,,,22.0,,
CCAA,4008,KHON KAEN_UBOLRATANA,,,,,,,19.0,,
CCAA,4009,KHON KAEN_KRANUAN,,,,2.0,,,18.0,,
CCAA,4010,KHON KAEN_BAN PHAI,,,,20.0,,,33.0,,
CCAA,4011,KHON KAEN_PUEAI NOI,,,,,,,3.0,,
CCAA,4012,KHON KAEN_PHON,,,,15.0,,,19.0,,
CCAA,4013,KHON KAEN_WAENG YAI,,,,,,,7.0,,
CCAA,4014,KHON KAEN_WAENG NOI,,,,,,,13.0,,
CCAA,4015,KHON KAEN_NONG SONG HONG,,,,,,,10.0,,
CCAA,4016,KHON KAEN_PHU WIANG,,,,10.0,,,18.0,,
CCAA,4017,KHON KAEN_MANCHA KHIRI,,,,109.0,,,42.0,,
CCAA,4018,KHON KAEN_CHONNABOT,,,,,,,13.0,,
CCAA,4019,KHON KAEN_KHAO SUAN KWANG,,,,,,,15.0,,
CCAA,4020,KHON KAEN_PHU PHA MAN,,,,,,,6.0,,
CCAA,4021,KHON KAEN_SAM SUNG,,,,,,,18.0,,
CCAA,4022,KHON KAEN_KHOK PHO CHAI,,,,,,,21.0,,
CCAA,4023,KHON KAEN_NONG NA KHAM,,,,,,,6.0,,
CCAA,4024,KHON KAEN_BAN HAET,,,,,,,15.0,,
CCAA,4025,KHON KAEN_NON SILA,,,,,,,4.0,,
CCAA,4029,KHON KAEN_WIANG KAO,,,,,,,3.0,,
CCAA,4101,UDON THANI_MUEANG UDON THANI,,,,444.0,,,367.0,,
CCAA,4102,UDON THANI_KUT CHAP,,,,,,,28.0,,
CCAA,4103,UDON THANI_NONG WUA SO,,,,,,,24.0,,
CCAA,4104,UDON THANI_KUMPHAWAPI,,,,4.0,,,38.0,,
CCAA,4105,UDON THANI_NON SA-AT,,,,,,,11.0,,
CCAA,4106,UDON THANI_NONG HAN,,,,141.0,,,54.0,,
CCAA,4107,UDON THANI_THUNG FON,,,,,,,11.0,,
CCAA,4108,UDON THANI_CHAI WAN,,,,,,,10.0,,
CCAA,4109,UDON THANI_SI THAT,,,,,,,25.0,,
CCAA,4110,UDON THANI_WANG SAM MO,,,,,,,22.0,,
CCAA,4111,UDON THANI_BAN DUNG,,,,19.0,,,57.0,,
CCAA,4117,UDON THANI_BAN PHUE,,,,15.0,,,27.0,,
CCAA,4118,UDON THANI_NAM SOM,,,,,,,17.0,,
CCAA,4119,UDON THANI_PHEN,,,,,,,37.0,,
CCAA,4120,UDON THANI_SANG KHOM,,,,,,,2.0,,
CCAA,4121,UDON THANI_NONG SAENG,,,,,,,5.0,,
CCAA,4122,UDON THANI_NA YUNG,,,,,,,11.0,,
CCAA,4123,UDON THANI_PHIBUN RAK,,,,,,,11.0,,
CCAA,4124,UDON THANI_KU KAEO,,,,,,,8.0,,
CCAA,4125,UDON THANI_PRACHAKSINLAPAKHOM,,,,,,,11.0,,
CCAA,4201,LOEI_MUEANG LOEI,,,,121.0,,,85.0,,
CCAA,4202,LOEI_NA DUANG,,,,30.0,,,6.0,,
CCAA,4203,LOEI_CHIANG KHAN,,,,,,,22.0,,
CCAA,4204,LOEI_PAK CHOM,,,,,,,7.0,,
CCAA,4205,LOEI_DAN SAI,,,,,,,6.0,,
CCAA,4206,LOEI_NA HAEO,,,,,,,1.0,,
CCAA,4207,LOEI_PHU RUEA,,,,,,,13.0,,
CCAA,4208,LOEI_THA LI,,,,,,,6.0,,
CCAA,4209,LOEI_WANG SAPHUNG,,,,19.0,,,31.0,,
CCAA,4210,LOEI_PHU KRADUENG,,,,,,,19.0,,
CCAA,4211,LOEI_PHU LUANG,,,,10.0,,,6.0,,
CCAA,4212,LOEI_PHA KHAO,,,,,,,5.0,,
CCAA,4213,LOEI_ERAWAN,,,,,,,7.0,,
CCAA,4214,LOEI_NONG HIN,,,,,,,8.0,,
CCAA,4301,NONG KHAI_MUEANG NONG KHAI,,,,64.0,,,106.0,,
CCAA,4302,NONG KHAI_THA BO,,,,74.0,,,24.0,,
CCAA,4305,NONG KHAI_PHON PHISAI,,,,125.0,,,52.0,,
CCAA,4307,NONG KHAI_SI CHIANG MAI,,,,,,,16.0,,
CCAA,4308,NONG KHAI_SANGKHOM,,,,,,,15.0,,
CCAA,4314,NONG KHAI_SAKHRAI,,,,,,,13.0,,
CCAA,4315,NONG KHAI_FAO RAI,,,,,,,30.0,,
CCAA,4316,NONG KHAI_RATTANAWAPI,,,,,,,8.0,,
CCAA,4317,NONG KHAI_PHO TAK,,,,,,,5.0,,
CCAA,4401,MAHA SARAKHAM_MUEANG MAHA SARAKHAM,,,,341.0,,,62.0,,
CCAA,4402,MAHA SARAKHAM_KAE DAM,,,,,,,9.0,,
CCAA,4403,MAHA SARAKHAM_KOSUM PHISAI,,,,1.0,,,50.0,,
CCAA,4404,MAHA SARAKHAM_KANTHARAWICHAI,,,,,,,66.0,,
CCAA,4405,MAHA SARAKHAM_CHIANG YUEN,,,,7.0,,,30.0,,
CCAA,4406,MAHA SARAKHAM_BORABUE,,,,7.0,,,45.0,,
CCAA,4407,MAHA SARAKHAM_NA CHUEAK,,,,,,,21.0,,
CCAA,4408,MAHA SARAKHAM_PHAYAKKHAPHUM PHISAI,,,,20.0,,,45.0,,
CCAA,4409,MAHA SARAKHAM_WAPI PATHUM,,,,6.0,,,50.0,,
CCAA,4410,MAHA SARAKHAM_NA DUN,,,,,,,17.0,,
CCAA,4411,MAHA SARAKHAM_YANG SISURAT,,,,,,,3.0,,
CCAA,4412,MAHA SARAKHAM_KUT RANG,,,,,,,16.0,,
CCAA,4413,MAHA SARAKHAM_CHUEN CHOM,,,,,,,10.0,,
CCAA,4501,ROI ET_MUEANG ROI ET,,,,133.0,,,88.0,,
CCAA,4502,ROI ET_KASET WISAI,,,,6.0,,,34.0,,
CCAA,4503,ROI ET_PATHUM RAT,,,,,,,16.0,,
CCAA,4504,ROI ET_CHATURAPHAK PHIMAN,,,,,,,18.0,,
CCAA,4505,ROI ET_THAWAT BURI,,,,,,,34.0,,
CCAA,4506,ROI ET_PHANOM PHRAI,,,,,,,30.0,,
CCAA,4507,ROI ET_PHON THONG,,,,160.0,,,41.0,,
CCAA,4508,ROI ET_PHO CHAI,,,,,,,15.0,,
CCAA,4509,ROI ET_NONG PHOK,,,,,,,16.0,,
CCAA,4510,ROI ET_SELAPHUM,,,,,,,52.0,,
CCAA,4511,ROI ET_SUWANNAPHUM,,,,,,,31.0,,
CCAA,4512,ROI ET_MUEANG SUANG,,,,,,,15.0,,
CCAA,4513,ROI ET_PHON SAI,,,,,,,11.0,,
CCAA,4514,ROI ET_AT SAMAT,,,,,,,22.0,,
CCAA,4515,ROI ET_MOEI WADI,,,,,,,5.0,,
CCAA,4516,ROI ET_SI SOMDET,,,,,,,12.0,,
CCAA,4517,ROI ET_CHANGHAN,,,,,,,16.0,,
CCAA,4518,ROI ET_CHIANG KHWAN,,,,,,,8.0,,
CCAA,4519,ROI ET_NONG HI,,,,,,,3.0,,
CCAA,4520,ROI ET_THUNG KHAO LUANG,,,,,,,7.0,,
CCAA,4601,KALASIN_MUEANG KALASIN,,,,246.0,,,95.0,,
CCAA,4602,KALASIN_NA MON,,,,,,,10.0,,
CCAA,4603,KALASIN_KAMALASAI,,,,,,,30.0,,
CCAA,4604,KALASIN_RONG KHAM,,,,,,,5.0,,
CCAA,4605,KALASIN_KUCHINARAI,,,,4.0,,,33.0,,
CCAA,4606,KALASIN_KHAO WONG,,,,2.0,,,15.0,,
CCAA,4607,KALASIN_YANG TALAT,,,,,,,66.0,,
CCAA,4608,KALASIN_HUAI MEK,,,,,,,17.0,,
CCAA,4609,KALASIN_SAHATSAKHAN,,,,,,,14.0,,
CCAA,4610,KALASIN_KHAM MUANG,,,,,,,9.0,,
CCAA,4611,KALASIN_THA KHANTHO,,,,,,,5.0,,
CCAA,4612,KALASIN_NONG KUNG SI,,,,,,,40.0,,
CCAA,4613,KALASIN_SOMDET,,,,9.0,,,10.0,,
CCAA,4614,KALASIN_HUAI PHUENG,,,,,,,5.0,,
CCAA,4615,KALASIN_SAM CHAI,,,,,,,8.0,,
CCAA,4616,KALASIN_NA KHU,,,,,,,9.0,,
CCAA,4617,KALASIN_DON CHAN,,,,,,,7.0,,
CCAA,4618,KALASIN_KHONG CHAI,,,,,,,19.0,,
CCAA,4701,SAKON NAKHON_MUEANG SAKON NAKHON,,,,327.0,,,86.0,,
CCAA,4702,SAKON NAKHON_KUSUMAN,,,,,,,20.0,,
CCAA,4703,SAKON NAKHON_KUT BAK,,,,1.0,,,3.0,,
CCAA,4704,SAKON NAKHON_PHANNA NIKHOM,,,,,,,34.0,,
CCAA,4705,SAKON NAKHON_PHANG KHON,,,,23.0,,,24.0,,
CCAA,4706,SAKON NAKHON_WARITCHAPHUM,,,,,,,17.0,,
CCAA,4707,SAKON NAKHON_NIKHOM NAM UN,,,,,,,5.0,,
CCAA,4708,SAKON NAKHON_WANON NIWAT,,,,1.0,,,24.0,,
CCAA,4709,SAKON NAKHON_KHAM TA KLA,,,,9.0,,,15.0,,
CCAA,4710,SAKON NAKHON_BAN MUANG,,,,,,,11.0,,
CCAA,4711,SAKON NAKHON_AKAT AMNUAI,,,,,,,22.0,,
CCAA,4712,SAKON NAKHON_SAWANG DAEN DIN,,,,4.0,,,31.0,,
CCAA,4713,SAKON NAKHON_SONG DAO,,,,,,,4.0,,
CCAA,4714,SAKON NAKHON_TAO NGOI,,,,,,,10.0,,
CCAA,4715,SAKON NAKHON_KHOK SI SUPHAN,,,,,,,7.0,,
CCAA,4716,SAKON NAKHON_CHAROEN SIN,,,,,,,7.0,,
CCAA,4717,SAKON NAKHON_PHON NA KAEO,,,,,,,3.0,,
CCAA,4718,SAKON NAKHON_PHU PHAN,,,,4.0,,,33.0,,
CCAA,4801,NAKHON PHANOM_MUEANG NAKHON PHANOM,,,,150.0,,,105.0,,
CCAA,4802,NAKHON PHANOM_PLA PAK,,,,,,,18.0,,
CCAA,4803,NAKHON PHANOM_THA UTHEN,,,,4.0,,,5.0,,
CCAA,4804,NAKHON PHANOM_BAN PHAENG,,,,,,,5.0,,
CCAA,4805,NAKHON PHANOM_THAT PHANOM,,,,8.0,,,20.0,,
CCAA,4806,NAKHON PHANOM_RENU NAKHON,,,,,,,13.0,,
CCAA,4807,NAKHON PHANOM_NA KAE,,,,,,,36.0,,
CCAA,4808,NAKHON PHANOM_SI SONGKHRAM,,,,,,,26.0,,
CCAA,4809,NAKHON PHANOM_NA WA,,,,1.0,,,14.0,,
CCAA,4810,NAKHON PHANOM_PHON SAWAN,,,,,,,9.0,,
CCAA,4811,NAKHON PHANOM_NA THOM,,,,,,,2.0,,
CCAA,4812,NAKHON PHANOM_WANG YANG,,,,,,,4.0,,
CCAA,4901,MUKDAHAN_MUEANG MUKDAHAN,,,,120.0,,,54.0,,
CCAA,4902,MUKDAHAN_NIKHOM KHAM SOI,,,,1.0,,,13.0,,
CCAA,4903,MUKDAHAN_DON TAN,,,,,,,7.0,,
CCAA,4904,MUKDAHAN_DONG LUANG,,,,,,,11.0,,
CCAA,4905,MUKDAHAN_KHAMCHA-I,,,,10.0,,,14.0,,
CCAA,4906,MUKDAHAN_WAN YAI,,,,,,,5.0,,
CCAA,4907,MUKDAHAN_NONG SUNG,,,,,,,5.0,,
CCAA,5001,CHIANG MAI_MUEANG CHIANG MAI,,,,600.0,,,222.0,,
CCAA,5002,CHIANG MAI_CHOM THONG,,,,16.0,,,23.0,,
CCAA,5003,CHIANG MAI_MAE CHAEM,,,,,,,,,
CCAA,5004,CHIANG MAI_CHIANG DAO,,,,88.0,,,15.0,,
CCAA,5005,CHIANG MAI_DOI SAKET,,,,7.0,,,88.0,,
CCAA,5006,CHIANG MAI_MAE TAENG,,,,,,,12.0,,
CCAA,5007,CHIANG MAI_MAE RIM,,,,,,,43.0,,
CCAA,5008,CHIANG MAI_SAMOENG,,,,,,,3.0,,
CCAA,5009,CHIANG MAI_FANG,,,,44.0,,,35.0,,
CCAA,5010,CHIANG MAI_MAE AI,,,,,,,26.0,,
CCAA,5011,CHIANG MAI_PHRAO,,,,,,,6.0,,
CCAA,5012,CHIANG MAI_SAN PA TONG,,,,1.0,,,21.0,,
CCAA,5013,CHIANG MAI_SAN KAMPHAENG,,,,19.0,,,75.0,,
CCAA,5014,CHIANG MAI_SAN SAI,,,,125.0,,,111.0,,
CCAA,5015,CHIANG MAI_HANG DONG,,,,,,,66.0,,
CCAA,5016,CHIANG MAI_HOT,,,,,,,4.0,,
CCAA,5017,CHIANG MAI_DOI TAO,,,,,,,2.0,,
CCAA,5018,CHIANG MAI_OMKOI,,,,,,,1.0,,
CCAA,5019,CHIANG MAI_SARAPHI,,,,,,,62.0,,
CCAA,5020,CHIANG MAI_WIANG HAENG,,,,,,,3.0,,
CCAA,5021,CHIANG MAI_CHAI PRAKAN,,,,,,,14.0,,
CCAA,5022,CHIANG MAI_MAE WANG,,,,,,,18.0,,
CCAA,5023,CHIANG MAI_MAE ON,,,,,,,4.0,,
CCAA,5024,CHIANG MAI_DOI LO,,,,,,,6.0,,
CCAA,5025,CHIANG MAI_GALYANI VADHANA,,,,,,,1.0,,
CCAA,5101,LAMPHUN_MUEANG LAMPHUN,,,,191.0,,,108.0,,
CCAA,5102,LAMPHUN_MAE THA,,,,,,,6.0,,
CCAA,5103,LAMPHUN_BAN HONG,,,,,,,8.0,,
CCAA,5104,LAMPHUN_LI,,,,,,,4.0,,
CCAA,5105,LAMPHUN_THUNG HUA CHANG,,,,,,,2.0,,
CCAA,5106,LAMPHUN_PA SANG,,,,,,,13.0,,
CCAA,5107,LAMPHUN_BAN THI,,,,,,,1.0,,
CCAA,5108,LAMPHUN_WIANG NONG LONG,,,,,,,10.0,,
CCAA,5201,LAMPANG_MUEANG LAMPANG,,,,344.0,,,166.0,,
CCAA,5202,LAMPANG_MAE MO,,,,,,,17.0,,
CCAA,5203,LAMPANG_KO KHA,,,,,,,22.0,,
CCAA,5204,LAMPANG_SOEM NGAM,,,,,,,10.0,,
CCAA,5205,LAMPANG_NGAO,,,,,,,14.0,,
CCAA,5206,LAMPANG_CHAE HOM,,,,,,,9.0,,
CCAA,5207,LAMPANG_WANG NUEA,,,,,,,6.0,,
CCAA,5208,LAMPANG_THOEN,,,,,,,12.0,,
CCAA,5209,LAMPANG_MAE PHRIK,,,,,,,1.0,,
CCAA,5210,LAMPANG_MAE THA,,,,,,,16.0,,
CCAA,5211,LAMPANG_SOP PRAP,,,,,,,12.0,,
CCAA,5212,LAMPANG_HANG CHAT,,,,,,,33.0,,
CCAA,5213,LAMPANG_MUEANG PAN,,,,,,,9.0,,
CCAA,5301,UTTARADIT_MUEANG UTTARADIT,,,,291.0,,,80.0,,
CCAA,5302,UTTARADIT_TRON,,,,,,,24.0,,
CCAA,5303,UTTARADIT_THA PLA,,,,,,,19.0,,
CCAA,5304,UTTARADIT_NAM PAT,,,,,,,6.0,,
CCAA,5305,UTTARADIT_FAK THA,,,,,,,6.0,,
CCAA,5306,UTTARADIT_BAN KHOK,,,,,,,7.0,,
CCAA,5307,UTTARADIT_PHICHAI,,,,,,,28.0,,
CCAA,5308,UTTARADIT_LAPLAE,,,,,,,33.0,,
CCAA,5309,UTTARADIT_THONG SAEN KHAN,,,,,,,15.0,,
CCAA,5401,PHRAE_MUEANG PHRAE,,,,157.0,,,57.0,,
CCAA,5402,PHRAE_RONG KWANG,,,,,,,29.0,,
CCAA,5403,PHRAE_LONG,,,,4.0,,,27.0,,
CCAA,5404,PHRAE_SUNG MEN,,,,87.0,,,33.0,,
CCAA,5405,PHRAE_DEN CHAI,,,,,,,12.0,,
CCAA,5406,PHRAE_SONG,,,,,,,37.0,,
CCAA,5407,PHRAE_WANG CHIN,,,,,,,14.0,,
CCAA,5408,PHRAE_NONG MUANG KHAI,,,,,,,9.0,,
CCAA,5501,NAN_MUEANG NAN,,,,42.0,,,30.0,,
CCAA,5502,NAN_MAE CHARIM,,,,,,,1.0,,
CCAA,5503,NAN_BAN LUANG,,,,,,,5.0,,
CCAA,5504,NAN_NA NOI,,,,,,,6.0,,
CCAA,5505,NAN_PUA,,,,,,,2.0,,
CCAA,5506,NAN_THA WANG PHA,,,,,,,9.0,,
CCAA,5507,NAN_WIANG SA,,,,,,,11.0,,
CCAA,5508,NAN_THUNG CHANG,,,,,,,3.0,,
CCAA,5509,NAN_CHIANG KLANG,,,,,,,3.0,,
CCAA,5510,NAN_NA MUEN,,,,,,,1.0,,
CCAA,5511,NAN_SANTI SUK,,,,,,,2.0,,
CCAA,5512,NAN_BO KLUEA,,,,,,,,,
CCAA,5513,NAN_SONG KHWAE,,,,,,,,,
CCAA,5514,NAN_PHU PHIANG,,,,,,,12.0,,
CCAA,5515,NAN_CHALOEM PHRA KIAT,,,,,,,,,
CCAA,5601,PHAYAO_MUEANG PHAYAO,,,,165.0,,,38.0,,
CCAA,5602,PHAYAO_CHUN,,,,,,,6.0,,
CCAA,5603,PHAYAO_CHIANG KHAM,,,,12.0,,,21.0,,
CCAA,5604,PHAYAO_CHIANG MUAN,,,,,,,7.0,,
CCAA,5605,PHAYAO_DOK KHAMTAI,,,,,,,12.0,,
CCAA,5606,PHAYAO_PONG,,,,,,,3.0,,
CCAA,5607,PHAYAO_MAE CHAI,,,,1.0,,,5.0,,
CCAA,5608,PHAYAO_PHU SANG,,,,,,,7.0,,
CCAA,5609,PHAYAO_PHU KAMYAO,,,,,,,3.0,,
CCAA,5701,CHIANG RAI_MUEANG CHIANG RAI,,,,165.0,,,155.0,,
CCAA,5702,CHIANG RAI_WIANG CHAI,,,,,,,17.0,,
CCAA,5703,CHIANG RAI_CHIANG KHONG,,,,,,,18.0,,
CCAA,5704,CHIANG RAI_THOENG,,,,,,,19.0,,
CCAA,5705,CHIANG RAI_PHAN,,,,4.0,,,35.0,,
CCAA,5706,CHIANG RAI_PA DAET,,,,104.0,,,6.0,,
CCAA,5707,CHIANG RAI_MAE CHAN,,,,83.0,,,30.0,,
CCAA,5708,CHIANG RAI_CHIANG SAEN,,,,,,,30.0,,
CCAA,5709,CHIANG RAI_MAE SAI,,,,51.0,,,106.0,,
CCAA,5710,CHIANG RAI_MAE SUAI,,,,,,,22.0,,
CCAA,5711,CHIANG RAI_WIANG PA PAO,,,,,,,16.0,,
CCAA,5712,CHIANG RAI_PHAYA MENGRAI,,,,,,,15.0,,
CCAA,5713,CHIANG RAI_WIANG KAEN,,,,,,,4.0,,
CCAA,5714,CHIANG RAI_KHUN TAN,,,,,,,7.0,,
CCAA,5715,CHIANG RAI_MAE FA LUANG,,,,,,,8.0,,
CCAA,5716,CHIANG RAI_MAE LAO,,,,,,,21.0,,
CCAA,5717,CHIANG RAI_WIANG CHIANG RUNG,,,,,,,6.0,,
CCAA,5718,CHIANG RAI_DOI LUANG,,,,,,,6.0,,
CCAA,5801,MAE HONG SON_MUEANG MAE HONG SON,,,,4.0,,,1.0,,
CCAA,5802,MAE HONG SON_KHUN YUAM,,,,,,,,,
CCAA,5803,MAE HONG SON_PAI,,,,,,,1.0,,
CCAA,5804,MAE HONG SON_MAE SARIANG,,,,,,,2.0,,
CCAA,5805,MAE HONG SON_MAE LA NOI,,,,,,,,,
CCAA,5806,MAE HONG SON_SOP MOEI,,,,,,,,,
CCAA,5807,MAE HONG SON_PANG MAPHA,,,,,,,1.0,,
CCAA,6001,NAKHON SAWAN_MUEANG NAKHON SAWAN,,,,580.0,,,247.0,,
CCAA,6002,NAKHON SAWAN_KROK PHRA,,,,,,,11.0,,
CCAA,6003,NAKHON SAWAN_CHUM SAENG,,,,,,,19.0,,
CCAA,6004,NAKHON SAWAN_NONG BUA,,,,3.0,,,10.0,,
CCAA,6005,NAKHON SAWAN_BANPHOT PHISAI,,,,,,,28.0,,
CCAA,6006,NAKHON SAWAN_KAO LIAO,,,,,,,11.0,,
CCAA,6007,NAKHON SAWAN_TAKHLI,,,,4.0,,,43.0,,
CCAA,6008,NAKHON SAWAN_THA TAKO,,,,,,,12.0,,
CCAA,6009,NAKHON SAWAN_PHAISALI,,,,85.0,,,30.0,,
CCAA,6010,NAKHON SAWAN_PHAYUHA KHIRI,,,,1.0,,,29.0,,
CCAA,6011,NAKHON SAWAN_LAT YAO,,,,,,,38.0,,
CCAA,6012,NAKHON SAWAN_TAK FA,,,,,,,9.0,,
CCAA,6013,NAKHON SAWAN_MAE WONG,,,,,,,15.0,,
CCAA,6014,NAKHON SAWAN_MAE POEN,,,,,,,13.0,,
CCAA,6015,NAKHON SAWAN_CHUM TA BONG,,,,,,,9.0,,
CCAA,6101,UTHAI THANI_MUEANG UTHAI THANI,,,,30.0,,,32.0,,
CCAA,6102,UTHAI THANI_THAP THAN,,,,,,,15.0,,
CCAA,6103,UTHAI THANI_SAWANG AROM,,,,,,,4.0,,
CCAA,6104,UTHAI THANI_NONG CHANG,,,,6.0,,,17.0,,
CCAA,6105,UTHAI THANI_NONG KHAYANG,,,,,,,4.0,,
CCAA,6106,UTHAI THANI_BAN RAI,,,,,,,16.0,,
CCAA,6107,UTHAI THANI_LAN SAK,,,,,,,12.0,,
CCAA,6108,UTHAI THANI_HUAI KHOT,,,,,,,5.0,,
CCAA,6201,KAMPHAENG PHET_MUEANG KAMPHAENG PHET,,,,193.0,,,101.0,,
CCAA,6202,KAMPHAENG PHET_SAI NGAM,,,,,,,17.0,,
CCAA,6203,KAMPHAENG PHET_KHLONG LAN,,,,,,,23.0,,
CCAA,6204,KAMPHAENG PHET_KHANU WORALAKSABURI,,,,8.0,,,46.0,,
CCAA,6205,KAMPHAENG PHET_KHLONG KHLUNG,,,,70.0,,,14.0,,
CCAA,6206,KAMPHAENG PHET_PHRAN KRATAI,,,,,,,25.0,,
CCAA,6207,KAMPHAENG PHET_LAN KRABUE,,,,,,,12.0,,
CCAA,6208,KAMPHAENG PHET_SAI THONG WATTHANA,,,,,,,12.0,,
CCAA,6209,KAMPHAENG PHET_PANG SILA THONG,,,,,,,20.0,,
CCAA,6210,KAMPHAENG PHET_BUENG SAMAKKHI,,,,,,,5.0,,
CCAA,6211,KAMPHAENG PHET_KOSAMPHI NAKHON,,,,,,,3.0,,
CCAA,6301,TAK_MUEANG TAK,,,,119.0,,,32.0,,
CCAA,6302,TAK_BAN TAK,,,,,,,8.0,,
CCAA,6303,TAK_SAM NGAO,,,,,,,12.0,,
CCAA,6304,TAK_MAE RAMAT,,,,77.0,,,4.0,,
CCAA,6305,TAK_THA SONG YANG,,,,,,,2.0,,
CCAA,6306,TAK_MAE SOT,,,,47.0,,,138.0,,
CCAA,6307,TAK_PHOP PHRA,,,,,,,97.0,,
CCAA,6308,TAK_UMPHANG,,,,,,,,,
CCAA,6309,TAK_WANG CHAO,,,,,,,11.0,,
CCAA,6401,SUKHOTHAI_MUEANG SUKHOTHAI,,,,42.0,,,54.0,,
CCAA,6402,SUKHOTHAI_BAN DAN LAN HOI,,,,89.0,,,27.0,,
CCAA,6403,SUKHOTHAI_KHIRI MAT,,,,,,,16.0,,
CCAA,6404,SUKHOTHAI_KONG KRAILAT,,,,,,,14.0,,
CCAA,6405,SUKHOTHAI_SI SATCHANALAI,,,,,,,21.0,,
CCAA,6406,SUKHOTHAI_SI SAMRONG,,,,,,,43.0,,
CCAA,6407,SUKHOTHAI_SAWANKHALOK,,,,4.0,,,28.0,,
CCAA,6408,SUKHOTHAI_SI NAKHON,,,,,,,3.0,,
CCAA,6409,SUKHOTHAI_THUNG SALIAM,,,,,,,10.0,,
CCAA,6501,PHITSANULOK_MUEANG PHITSANULOK,,,,321.0,,,289.0,,
CCAA,6502,PHITSANULOK_NAKHON THAI,,,,,,,24.0,,
CCAA,6503,PHITSANULOK_CHAT TRAKAN,,,,,,,5.0,,
CCAA,6504,PHITSANULOK_BANG RAKAM,,,,,,,63.0,,
CCAA,6505,PHITSANULOK_BANG KRATHUM,,,,,,,10.0,,
CCAA,6506,PHITSANULOK_PHROM PHIRAM,,,,,,,38.0,,
CCAA,6507,PHITSANULOK_WAT BOT,,,,,,,15.0,,
CCAA,6508,PHITSANULOK_WANG THONG,,,,,,,62.0,,
CCAA,6509,PHITSANULOK_NOEN MAPRANG,,,,,,,13.0,,
CCAA,6601,PHICHIT_MUEANG PHICHIT,,,,167.0,,,58.0,,
CCAA,6602,PHICHIT_WANG SAI PHUN,,,,,,,4.0,,
CCAA,6603,PHICHIT_PHO PRATHAP CHANG,,,,,,,8.0,,
CCAA,6604,PHICHIT_TAPHAN HIN,,,,9.0,,,18.0,,
CCAA,6605,PHICHIT_BANG MUN NAK,,,,,,,11.0,,
CCAA,6606,PHICHIT_PHO THALE,,,,,,,7.0,,
CCAA,6607,PHICHIT_SAM NGAM,,,,,,,17.0,,
CCAA,6608,PHICHIT_TAP KHLO,,,,,,,6.0,,
CCAA,6609,PHICHIT_SAK LEK,,,,,,,9.0,,
CCAA,6610,PHICHIT_BUENG NA RANG,,,,,,,2.0,,
CCAA,6611,PHICHIT_DONG CHAROEN,,,,,,,2.0,,
CCAA,6612,PHICHIT_WACHIRABARAMI,,,,,,,6.0,,
CCAA,6701,PHETCHABUN_MUEANG PHETCHABUN,,,,120.0,,,57.0,,
CCAA,6702,PHETCHABUN_CHON DAEN,,,,1.0,,,14.0,,
CCAA,6703,PHETCHABUN_LOM SAK,,,,28.0,,,38.0,,
CCAA,6704,PHETCHABUN_LOM KAO,,,,,,,17.0,,
CCAA,6705,PHETCHABUN_WICHIAN BURI,,,,,,,29.0,,
CCAA,6706,PHETCHABUN_SI THEP,,,,,,,13.0,,
CCAA,6707,PHETCHABUN_NONG PHAI,,,,,,,22.0,,
CCAA,6708,PHETCHABUN_BUENG SAM PHAN,,,,1.0,,,21.0,,
CCAA,6709,PHETCHABUN_NAM NAO,,,,,,,7.0,,
CCAA,6710,PHETCHABUN_WANG PONG,,,,,,,8.0,,
CCAA,6711,PHETCHABUN_KHAO KHO,,,,,,,5.0,,
CCAA,7001,RATCHABURI_MUEANG RATCHABURI,,,,377.0,,,152.0,,
CCAA,7002,RATCHABURI_CHOM BUENG,,,,,,,9.0,,
CCAA,7003,RATCHABURI_SUAN PHUENG,,,,,,,7.0,,
CCAA,7004,RATCHABURI_DAMNOEN SADUAK,,,,3.0,,,16.0,,
CCAA,7005,RATCHABURI_BAN PONG,,,,26.0,,,84.0,,
CCAA,7006,RATCHABURI_BANG PHAE,,,,,,,8.0,,
CCAA,7007,RATCHABURI_PHOTHARAM,,,,44.0,,,64.0,,
CCAA,7008,RATCHABURI_PAK THO,,,,,,,23.0,,
CCAA,7009,RATCHABURI_WAT PHLENG,,,,,,,2.0,,
CCAA,7010,RATCHABURI_BAN KHA,,,,,,,1.0,,
CCAA,7101,KANCHANABURI_MUEANG KANCHANABURI,,,,246.0,,,83.0,,
CCAA,7102,KANCHANABURI_SAI YOK,,,,,,,13.0,,
CCAA,7103,KANCHANABURI_BO PHLOI,,,,,,,11.0,,
CCAA,7104,KANCHANABURI_SI SAWAT,,,,,,,7.0,,
CCAA,7105,KANCHANABURI_THA MAKA,,,,,,,32.0,,
CCAA,7106,KANCHANABURI_THA MUANG,,,,78.0,,,52.0,,
CCAA,7107,KANCHANABURI_THONG PHA PHUM,,,,,,,24.0,,
CCAA,7108,KANCHANABURI_SANGKHLA BURI,,,,,,,21.0,,
CCAA,7109,KANCHANABURI_PHANOM THUAN,,,,,,,12.0,,
CCAA,7110,KANCHANABURI_LAO KHWAN,,,,,,,1.0,,
CCAA,7111,KANCHANABURI_DAN MAKHAM TIA,,,,,,,6.0,,
CCAA,7112,KANCHANABURI_NONG PRUE,,,,,,,2.0,,
CCAA,7113,KANCHANABURI_HUAI KRACHAO,,,,,,,6.0,,
CCAA,7201,SUPHAN BURI_MUEANG SUPHAN BURI,,,,23.0,,,37.0,,
CCAA,7202,SUPHAN BURI_DOEM BANG NANG BUAT,,,,61.0,,,15.0,,
CCAA,7203,SUPHAN BURI_DAN CHANG,,,,,,,10.0,,
CCAA,7204,SUPHAN BURI_BANG PLA MA,,,,,,,8.0,,
CCAA,7205,SUPHAN BURI_SI PRACHAN,,,,,,,8.0,,
CCAA,7206,SUPHAN BURI_DON CHEDI,,,,,,,4.0,,
CCAA,7207,SUPHAN BURI_SONG PHI NONG,,,,,,,11.0,,
CCAA,7208,SUPHAN BURI_SAM CHUK,,,,15.0,,,6.0,,
CCAA,7209,SUPHAN BURI_U THONG,,,,9.0,,,15.0,,
CCAA,7210,SUPHAN BURI_NONG YA SAI,,,,,,,2.0,,
CCAA,7301,NAKHON PATHOM_MUEANG NAKHON PATHOM,,,,274.0,,,334.0,,
CCAA,7302,NAKHON PATHOM_KAMPHAENG SAEN,,,,17.0,,,40.0,,
CCAA,7303,NAKHON PATHOM_NAKHON CHAI SI,,,,65.0,,,67.0,,
CCAA,7304,NAKHON PATHOM_DON TUM,,,,,,,20.0,,
CCAA,7305,NAKHON PATHOM_BANG LEN,,,,66.0,,,23.0,,
CCAA,7306,NAKHON PATHOM_SAM PHRAN,,,,103.0,,,117.0,,
CCAA,7307,NAKHON PATHOM_PHUTTHAMONTHON,,,,4.0,,,36.0,,
CCAA,7401,SAMUT SAKHON_MUEANG SAMUT SAKHON,,,,321.0,,,293.0,,
CCAA,7402,SAMUT SAKHON_KRATHUM BAEN,,,,184.0,,,127.0,,
CCAA,7403,SAMUT SAKHON_BAN PHAEO,,,,,,,22.0,,
CCAA,7501,SAMUT SONGKHRAM_MUEANG SAMUT SONGKHRAM,,,,286.0,,,60.0,,
CCAA,7502,SAMUT SONGKHRAM_BANG KHONTHI,,,,,,,9.0,,
CCAA,7503,SAMUT SONGKHRAM_AMPHAWA,,,,,,,19.0,,
CCAA,7601,PHETCHABURI_MUEANG PHETCHABURI,,,,192.0,,,185.0,,
CCAA,7602,PHETCHABURI_KHAO YOI,,,,2.0,,,35.0,,
CCAA,7603,PHETCHABURI_NONG YA PLONG,,,,,,,,,
CCAA,7604,PHETCHABURI_CHA-AM,,,,245.0,,,78.0,,
CCAA,7605,PHETCHABURI_THA YANG,,,,9.0,,,36.0,,
CCAA,7606,PHETCHABURI_BAN LAT,,,,8.0,,,23.0,,
CCAA,7607,PHETCHABURI_BAN LAEM,,,,,,,21.0,,
CCAA,7608,PHETCHABURI_KAENG KRACHAN,,,,,,,9.0,,
CCAA,7701,PRACHUAP KHIRI KHAN_MUEANG PRACHUAP KHIRI KHAN,,,,34.0,,,35.0,,
CCAA,7702,PRACHUAP KHIRI KHAN_KUI BURI,,,,,,,8.0,,
CCAA,7703,PRACHUAP KHIRI KHAN_THAP SAKAE,,,,,,,3.0,,
CCAA,7704,PRACHUAP KHIRI KHAN_BANG SAPHAN,,,,,,,20.0,,
CCAA,7705,PRACHUAP KHIRI KHAN_BANG SAPHAN NOI,,,,,,,2.0,,
CCAA,7706,PRACHUAP KHIRI KHAN_PRAN BURI,,,,12.0,,,46.0,,
CCAA,7707,PRACHUAP KHIRI KHAN_HUA HIN,,,,84.0,,,161.0,,
CCAA,7708,PRACHUAP KHIRI KHAN_SAM ROI YOT,,,,,,,12.0,,
CCAA,8001,NAKHON SI THAMMARAT_MUEANG NAKHON SI THAMMARAT,,,,291.0,,,214.0,,
CCAA,8002,NAKHON SI THAMMARAT_PHROM KHIRI,,,,,,,17.0,,
CCAA,8003,NAKHON SI THAMMARAT_LAN SAKA,,,,119.0,,,23.0,,
CCAA,8004,NAKHON SI THAMMARAT_CHAWANG,,,,3.0,,,29.0,,
CCAA,8005,NAKHON SI THAMMARAT_PHIPUN,,,,,,,24.0,,
CCAA,8006,NAKHON SI THAMMARAT_CHIAN YAI,,,,,,,6.0,,
CCAA,8007,NAKHON SI THAMMARAT_CHA-UAT,,,,,,,21.0,,
CCAA,8008,NAKHON SI THAMMARAT_THA SALA,,,,6.0,,,48.0,,
CCAA,8009,NAKHON SI THAMMARAT_THUNG SONG,,,,23.0,,,76.0,,
CCAA,8010,NAKHON SI THAMMARAT_NA BON,,,,,,,7.0,,
CCAA,8011,NAKHON SI THAMMARAT_THUNG YAI,,,,,,,12.0,,
CCAA,8012,NAKHON SI THAMMARAT_PAK PHANANG,,,,,,,37.0,,
CCAA,8013,NAKHON SI THAMMARAT_RON PHIBUN,,,,,,,37.0,,
CCAA,8014,NAKHON SI THAMMARAT_SICHON,,,,6.0,,,33.0,,
CCAA,8015,NAKHON SI THAMMARAT_KHANOM,,,,,,,17.0,,
CCAA,8016,NAKHON SI THAMMARAT_HUA SAI,,,,,,,22.0,,
CCAA,8017,NAKHON SI THAMMARAT_BANG KHAN,,,,,,,7.0,,
CCAA,8018,NAKHON SI THAMMARAT_THAM PHANNARA,,,,,,,1.0,,
CCAA,8019,NAKHON SI THAMMARAT_CHULABHORN,,,,,,,9.0,,
CCAA,8020,NAKHON SI THAMMARAT_PHRA PHROM,,,,90.0,,,33.0,,
CCAA,8021,NAKHON SI THAMMARAT_NOPPHITAM,,,,,,,7.0,,
CCAA,8022,NAKHON SI THAMMARAT_CHANG KLANG,,,,,,,5.0,,
CCAA,8023,NAKHON SI THAMMARAT_CHALOEM PHRA KIAT,,,,,,,8.0,,
CCAA,8101,KRABI_MUEANG KRABI,,,,64.0,,,131.0,,
CCAA,8102,KRABI_KHAO PHANOM,,,,93.0,,,4.0,,
CCAA,8103,KRABI_KO LANTA,,,,,,,8.0,,
CCAA,8104,KRABI_KHLONG THOM,,,,,,,14.0,,
CCAA,8105,KRABI_AO LUEK,,,,,,,8.0,,
CCAA,8106,KRABI_PLAI PHRAYA,,,,,,,10.0,,
CCAA,8107,KRABI_LAM THAP,,,,,,,6.0,,
CCAA,8108,KRABI_NUEA KHLONG,,,,,,,15.0,,
CCAA,8201,PHANGNGA_MUEANG PHANGNGA,,,,22.0,,,21.0,,
CCAA,8203,PHANGNGA_KAPONG,,,,,,,1.0,,
CCAA,8204,PHANGNGA_TAKUA THUNG,,,,1.0,,,21.0,,
CCAA,8205,PHANGNGA_TAKUA PA,,,,19.0,,,27.0,,
CCAA,8206,PHANGNGA_KHURA BURI,,,,,,,5.0,,
CCAA,8207,PHANGNGA_THAP PUT,,,,,,,3.0,,
CCAA,8208,PHANGNGA_THAI MUEANG,,,,,,,12.0,,
CCAA,8301,PHUKET_MUEANG PHUKET,,,,517.0,,,346.0,,
CCAA,8302,PHUKET_KATHU,,,,2.0,,,94.0,,
CCAA,8303,PHUKET_THALANG,,,,48.0,,,200.0,,
CCAA,8401,SURAT THANI_MUEANG SURAT THANI,,,,431.0,,,200.0,,
CCAA,8402,SURAT THANI_KANCHANADIT,,,,2.0,,,46.0,,
CCAA,8403,SURAT THANI_DON SAK,,,,2.0,,,24.0,,
CCAA,8404,SURAT THANI_KO SAMUI,,,,150.0,,,147.0,,
CCAA,8405,SURAT THANI_KO PHA-NGAN,,,,3.0,,,25.0,,
CCAA,8406,SURAT THANI_CHAIYA,,,,3.0,,,15.0,,
CCAA,8407,SURAT THANI_THA CHANA,,,,,,,8.0,,
CCAA,8408,SURAT THANI_KHIRI RAT NIKHOM,,,,,,,11.0,,
CCAA,8409,SURAT THANI_BAN TA KHUN,,,,,,,11.0,,
CCAA,8410,SURAT THANI_PHANOM,,,,,,,7.0,,
CCAA,8411,SURAT THANI_THA CHANG,,,,,,,6.0,,
CCAA,8412,SURAT THANI_BAN NA SAN,,,,,,,41.0,,
CCAA,8413,SURAT THANI_BAN NA DOEM,,,,,,,8.0,,
CCAA,8414,SURAT THANI_KHIAN SA,,,,,,,21.0,,
CCAA,8415,SURAT THANI_WIANG SA,,,,6.0,,,24.0,,
CCAA,8416,SURAT THANI_PHRASAENG,,,,,,,14.0,,
CCAA,8417,SURAT THANI_PHUNPHIN,,,,,,,59.0,,
CCAA,8418,SURAT THANI_CHAI BURI,,,,,,,7.0,,
CCAA,8419,SURAT THANI_VIBHAVADI,,,,,,,14.0,,
CCAA,8501,RANONG_MUEANG RANONG,,,,107.0,,,69.0,,
CCAA,8502,RANONG_LA-UN,,,,,,,9.0,,
CCAA,8503,RANONG_KAPOE,,,,,,,5.0,,
CCAA,8504,RANONG_KRA BURI,,,,,,,14.0,,
CCAA,8505,RANONG_SUK SAMRAN,,,,,,,,,
CCAA,8601,CHUMPHON_MUEANG CHUMPHON,,,,95.0,,,97.0,,
CCAA,8602,CHUMPHON_THA SAE,,,,,,,7.0,,
CCAA,8603,CHUMPHON_PATHIO,,,,,,,9.0,,
CCAA,8604,CHUMPHON_LANG SUAN,,,,,,,14.0,,
CCAA,8605,CHUMPHON_LAMAE,,,,,,,,,
CCAA,8606,CHUMPHON_PHATO,,,,,,,,,
CCAA,8607,CHUMPHON_SAWI,,,,,,,14.0,,
CCAA,8608,CHUMPHON_THUNG TAKO,,,,,,,5.0,,
CCAA,9001,SONGKHLA_MUEANG SONGKHLA,,,,315.0,,,129.0,,
CCAA,9002,SONGKHLA_SATHING PHRA,,,,23.0,,,7.0,,
CCAA,9003,SONGKHLA_CHANA,,,,12.0,,,18.0,,
CCAA,9004,SONGKHLA_NA THAWI,,,,,,,8.0,,
CCAA,9005,SONGKHLA_THEPHA,,,,,,,15.0,,
CCAA,9006,SONGKHLA_SABA YOI,,,,,,,26.0,,
CCAA,9007,SONGKHLA_RANOT,,,,,,,10.0,,
CCAA,9008,SONGKHLA_KRASAE SIN,,,,,,,,,
CCAA,9009,SONGKHLA_RATTAPHUM,,,,,,,15.0,,
CCAA,9010,SONGKHLA_SADAO,,,,4.0,,,47.0,,
CCAA,9011,SONGKHLA_HAT YAI,,,,345.0,,,522.0,,
CCAA,9012,SONGKHLA_NA MOM,,,,,,,12.0,,
CCAA,9013,SONGKHLA_KHUAN NIANG,,,,,,,11.0,,
CCAA,9014,SONGKHLA_BANG KLAM,,,,1.0,,,67.0,,
CCAA,9015,SONGKHLA_SINGHANAKHON,,,,,,,18.0,,
CCAA,9016,SONGKHLA_KHLONG HOI KHONG,,,,,,,13.0,,
CCAA,9101,SATUN_MUEANG SATUN,,,,110.0,,,39.0,,
CCAA,9102,SATUN_KHUAN DON,,,,1.0,,,1.0,,
CCAA,9103,SATUN_KHUAN KALONG,,,,,,,9.0,,
CCAA,9104,SATUN_THA PHAE,,,,,,,19.0,,
CCAA,9105,SATUN_LA-NGU,,,,7.0,,,15.0,,
CCAA,9106,SATUN_THUNG WA,,,,,,,2.0,,
CCAA,9107,SATUN_MANANG,,,,,,,2.0,,
CCAA,9201,TRANG_MUEANG TRANG,,,,66.0,,,68.0,,
CCAA,9202,TRANG_KANTANG,,,,,,,17.0,,
CCAA,9203,TRANG_YAN TA KHAO,,,,4.0,,,13.0,,
CCAA,9204,TRANG_PALIAN,,,,3.0,,,5.0,,
CCAA,9205,TRANG_SIKAO,,,,,,,11.0,,
CCAA,9206,TRANG_HUAI YOT,,,,,,,8.0,,
CCAA,9207,TRANG_WANG WISET,,,,,,,14.0,,
CCAA,9208,TRANG_NA YONG,,,,,,,16.0,,
CCAA,9209,TRANG_RATSADA,,,,1.0,,,5.0,,
CCAA,9210,TRANG_HAT SAMRAN,,,,,,,5.0,,
CCAA,9301,PHATTHALUNG_MUEANG PHATTHALUNG,,,,17.0,,,52.0,,
CCAA,9302,PHATTHALUNG_KONG RA,,,,,,,18.0,,
CCAA,9303,PHATTHALUNG_KHAO CHAISON,,,,73.0,,,45.0,,
CCAA,9304,PHATTHALUNG_TAMOT,,,,90.0,,,21.0,,
CCAA,9305,PHATTHALUNG_KHUAN KHANUN,,,,,,,24.0,,
CCAA,9306,PHATTHALUNG_PAK PHAYUN,,,,,,,10.0,,
CCAA,9307,PHATTHALUNG_SI BANPHOT,,,,,,,4.0,,
CCAA,9308,PHATTHALUNG_PA BON,,,,,,,31.0,,
CCAA,9309,PHATTHALUNG_BANG KAEO,,,,2.0,,,9.0,,
CCAA,9310,PHATTHALUNG_PA PHAYOM,,,,,,,17.0,,
CCAA,9311,PHATTHALUNG_SRINAGARINDRA,,,,,,,13.0,,
CCAA,9401,PATTANI_MUEANG PATTANI,,,,185.0,,,51.0,,
CCAA,9402,PATTANI_KHOK PHO,,,,,,,6.0,,
CCAA,9403,PATTANI_NONG CHIK,,,,,,,27.0,,
CCAA,9404,PATTANI_PANARE,,,,,,,3.0,,
CCAA,9405,PATTANI_MAYO,,,,1.0,,,10.0,,
CCAA,9406,PATTANI_THUNG YANG DAENG,,,,,,,2.0,,
CCAA,9407,PATTANI_SAI BURI,,,,,,,12.0,,
CCAA,9408,PATTANI_MAI KAEN,,,,,,,,,
CCAA,9409,PATTANI_YARING,,,,,,,20.0,,
CCAA,9410,PATTANI_YARANG,,,,,,,23.0,,
CCAA,9411,PATTANI_KAPHO,,,,,,,6.0,,
CCAA,9412,PATTANI_MAE LAN,,,,,,,1.0,,
CCAA,9501,YALA_MUEANG YALA,,,,50.0,,,90.0,,
CCAA,9502,YALA_BETONG,,,,57.0,,,7.0,,
CCAA,9503,YALA_BANNANG SATA,,,,,,,20.0,,
CCAA,9504,YALA_THAN TO,,,,,,,3.0,,
CCAA,9505,YALA_YAHA,,,,,,,5.0,,
CCAA,9506,YALA_RAMAN,,,,,,,11.0,,
CCAA,9507,YALA_KABANG,,,,,,,8.0,,
CCAA,9508,YALA_KRONG PINANG,,,,,,,7.0,,
CCAA,9601,NARATHIWAT_MUEANG NARATHIWAT,,,,68.0,,,67.0,,
CCAA,9602,NARATHIWAT_TAK BAI,,,,,,,29.0,,
CCAA,9603,NARATHIWAT_BACHO,,,,,,,24.0,,
CCAA,9604,NARATHIWAT_YI-NGO,,,,,,,18.0,,
CCAA,9605,NARATHIWAT_RA-NGAE,,,,71.0,,,36.0,,
CCAA,9606,NARATHIWAT_RUESO,,,,56.0,,,46.0,,
CCAA,9607,NARATHIWAT_SI SAKHON,,,,,,,16.0,,
CCAA,9608,NARATHIWAT_WAENG,,,,,,,9.0,,
CCAA,9609,NARATHIWAT_SUKHIRIN,,,,,,,3.0,,
CCAA,9610,NARATHIWAT_SU-NGAI KOLOK,,,,2.0,,,29.0,,
CCAA,9611,NARATHIWAT_SU-NGAI PADI,,,,,,,8.0,,
CCAA,9612,NARATHIWAT_CHANAE,,,,,,,19.0,,
CCAA,9613,NARATHIWAT_CHO-AIRONG,,,,,,,9.0,,
